account1,account2,net_pnl1,net_pnl2,pair_net_pnl
A_55021b4ae2,A_c91db6cabf,811.6750999999986,71.38797949999957,883.0630794999981
A_dcd87c6c96,A_e7205c325a,1.957232000000658,0.0,1.957232000000658
A_4943ad62b4,A_e27beda014,-64.15644038325422,23.68682870000112,-40.46961168325311
