account_id,laundering_count,total_loss,total_bonus_used,avg_suspicion_score,unique_winner_count
A_55021b4ae2,6,-467.89005000000043,209.79754,94.16666666666667,1
A_c91db6cabf,2,-173.52300000000014,100.0,87.5,1
A_e7205c325a,3,-53.01531600000453,534.7787135833333,100.0,1
A_4943ad62b4,4,-7.384108799999922,42.36382823348417,100.0,1
